waveform_id,fault_location,load,rpm,fault_type,fault_size,signal_location,fs,duration,bpfo,bpfi,bsf,ftf,inner,outer,ball,multiclass_label
Normal_DE_48_3HP,Normal,3,1730,Normal,0,DE,48000,10.1175625,3.5848,5.4152,4.7135,0.39828,0,0,0,0
Normal_FE_48_3HP,Normal,3,1730,Normal,0,FE,48000,10.1175625,3.053,4.9469,3.9874,0.3817,0,0,0,0
Normal_DE_48_0HP,Normal,0,1797,Normal,0,DE,48000,5.082041666666667,3.5848,5.4152,4.7135,0.39828,0,0,0,0
Normal_FE_48_0HP,Normal,0,1797,Normal,0,FE,48000,5.082041666666667,3.053,4.9469,3.9874,0.3817,0,0,0,0
Normal_DE_48_2HP,Normal,2,1750,Normal,0,DE,48000,10.105479166666667,3.5848,5.4152,4.7135,0.39828,0,0,0,0
Normal_FE_48_2HP,Normal,2,1750,Normal,0,FE,48000,10.105479166666667,3.053,4.9469,3.9874,0.3817,0,0,0,0
Normal_DE_48_1HP,Normal,1,1772,Normal,0,DE,48000,10.0813125,3.5848,5.4152,4.7135,0.39828,0,0,0,0
Normal_FE_48_1HP,Normal,1,1772,Normal,0,FE,48000,10.0813125,3.053,4.9469,3.9874,0.3817,0,0,0,0
